[
    {
        "Description": "Force Audit Policy",
        "Path": "Computer Configuration\\Policies\\Windows Settings\\Security Settings\\Local Policies\\Security Options",
        "KeyName": "MACHINE\\System\\CurrentControlSet\\Control\\Lsa\\SCENoApplyLegacyAuditPolicy",
        "SettingNumber": "1",
        "TargetDisplay": {
            "Name": "Audit: Force audit policy subcategory settings (Windows Vista or later) to override audit policy category settings",
            "DisplayBoolean": "true"
        }
    }
]